game_name,language,Started,Questions,Rewards,Video Started,Average,Min,Max
Relational Comparison,hi,7365,3890,1248,436,82.7320008027525,175,128
Beginning Sounds Sa/La/Va,hi,6029,3754,1382,473,88.6506580105709,168,168
Beginning Sounds Ma/Cha/Ba,hi,3861,1206,993,434,30.0651138709679,113,6
Beginning Sounds Ka/Na/Ta,hi,6515,1923,1584,578,97.9558824152249,166,214
Numerals 1-10,hi,185,80,66,25,80.51861388,9,4

