game_name,language,Started,Questions,Rewards,Video Started,Average,Min,Max
Beginning Sounds Sa/La/Va,hi,6082,3794,1395,475,88.7632076294738,168,169
Beginning Sounds Pa/Ga/Ra,hi,7472,3960,1274,448,80.8217591808037,184,128
Beginning Sounds Ma/Cha/Ba,hi,3869,1209,995,436,30.1093253807342,113,6
Beginning Sounds Ka/Na/Ta,hi,6530,1930,1589,582,97.6941417766323,167,215
Numerals 1-10,hi,197,84,70,28,72.1038309642857,12,4
